,Patient_ID,Name,Age,Gender,Date_of_Admission,Date_of_Diagnosis,Date_of_Treatment_Start,Date_of_Surgery,Date_of_Discharge,Follow_up_Visit
0,PID1000,Patient_0,71,Male,2023-12-13,2024-09-13,,2018-03-13,2023-10-11,20213/01/01
1,PID1001,Patient_1,34,Male,2024-10-16,2023-05-08,,2016-10-25,2024-04-29,01/06/2024
2,PID1010,Patient_2,57,Female,,2016-11-11,,2018-06-25,2023-04-05,01/02/03
3,PID1100,Patient_3,24,Female,2024-03-21,2024-04-13,,2018-06-25,2024-09-10,04/12/2023
4,PID1101,Patient_4,33,Male,2024-04-09,2023-03-16,,2017-04-22,2023-04-04,04/12/2023
5,PID1102,Patient_5,46,Female,2023-09-27,2016-05-15,,2017-04-22,2023-07-05,2022/01/01 (estimated)
6,PID1103,Patient_6,28,Male,2003-01-02,2016-01-09,,2017-04-22,2023-04-04,2022/01/01 (estimated)
7,PID1104,Patient_7,34,Male,2023-03-04,2016-01-09,,2017-04-22,2024-11-21,44736
8,PID1105,Patient_8,61,Female,,2016-01-09,2024-01-05,2018-12-17,2024-11-19,45367
9,PID1106,Patient_9,70,Female,,2024-04-14,2023-01-26,2018-12-17,,22/08/2023
10,PID1107,Patient_10,82,Male,,2018-12-13,2023-02-01,2018-06-18,2023-02-11,12/14/2023
11,PID1108,Patient_11,71,Female,2024-03-06,2018-12-13,2024-02-21,2018-06-18,2024-04-26,13/02/2024
12,PID1109,Patient_12,23,Female,2023-12-13,2023-03-17,2023-04-11,2018-06-18,2024-10-29,04/08/2023
13,PID1011,Patient_13,21,Male,2022-01-11,2016-05-13,2023-04-01,2018-06-18,2023-11-20,2020/13/01
14,PID1110,Patient_14,42,Male,2024-10-02,2023-07-08,2024-04-01,2018-06-18,2023-12-23,11/17/2023
15,PID1111,Patient_15,34,Male,2023-12-13,,2023-04-08,2018-06-18,2023-08-12,Late March 2023
16,PID1112,Patient_16,62,Female,2024-10-16,2023-05-16,2024-04-12,2018-06-18,2023-07-05,04 31/ 2022
17,PID1113,Patient_17,48,Male,2024-09-15,2019-07-18,2023-06-04,2017-11-30,2024-10-12,2022/11/01
18,PID1114,Patient_18,55,Male,2023-06-06,2023-12-03,2024-06-10,2017-11-30,2023-04-04,20213/01/01
19,PID1115,Patient_19,32,Female,2023-12-13,2017-09-30,2024-07-21,2017-11-30,2024-11-09,03/04/2023
20,PID1116,Patient_20,51,Male,2023-06-15,2024-01-14,2023-08-31,2017-11-30,2023-12-23,03/04/2023
21,PID1117,Patient_21,78,Male,2024-06-27,2023-06-11,2023-09-02,2017-05-05,2023-08-12,11/09/2023
22,PID1118,Patient_22,47,Female,2024-05-09,2024-07-10,,2016-10-12,2024-11-17,Unknown
23,PID1119,Patient_23,85,Female,2024-05-15,2024-09-18,2024-10-11,2016-10-12,2023-06-14,Unknown
24,PID1012,Patient_24,83,Male,2024-01-10,2018-11-08,2023-10-02,2018-06-06,2024-07-02,04/09/2023
25,PID1120,Patient_25,61,Male,2023-04-25,2023-09-01,2024-10-10,2018-09-23,2024-02-26,2022/11/01
26,PID1121,Patient_26,64,Male,2023-11-11,,2023-10-01,2019-09-17,,46184
27,PID1122,Patient_27,81,Female,2023-12-13,2024-10-11,2024-11-24,2017-02-05,2024-05-11,44736
28,PID1123,Patient_28,76,Female,2023-01-03,2023-05-18,2024-11-03,2017-02-05,2024-11-09,
29,PID1124,Patient_29,25,Female,2024-03-08,2023-04-29,2024-12-03,2017-02-05,2024-07-17,03/04/2023
30,PID1125,Patient_30,47,Female,2023-03-29,2024-07-20,2023-12-11,2019-11-12,2024-10-04,44736
31,PID1126,Patient_31,47,Male,2023-12-13,2023-10-06,2023-10-13,2019-11-12,2023-11-19,44736
32,PID1127,Patient_32,63,Female,,,2024-11-13,2019-11-12,,2020/13/01
33,PID1128,Patient_33,49,Female,2024-06-29,2023-04-08,2024-02-13,2016-01-12,2023-04-29,Late March 2023
34,PID1129,Patient_34,81,Male,2023-05-12,2023-07-28,2023-03-13,2018-06-15,2024-06-10,Early February 2022
35,PID1013,Patient_35,79,Female,2023-01-31,2016-08-27,2023-10-13,2018-06-15,2023-07-16,12/29/2023
36,PID1130,Patient_36,81,Female,2024-07-16,2024-06-01,2024-08-13,2016-10-16,2024-04-11,Late March 2023
37,PID1131,Patient_37,20,Male,2023-09-29,2023-09-15,2024-02-14,2016-10-16,2024-04-18,02/22/2023
38,PID1014,Patient_38,40,Male,2023-12-08,2019-12-12,2024-11-14,2017-08-09,2024-05-10,20213/01/01
39,PID1015,Patient_39,52,Male,2024-06-01,2021-08-18,2024-03-16,2019-11-16,2024-08-26,01/02/03
40,PID1016,Patient_40,77,Male,2024-07-28,,2024-11-16,2019-05-30,2024-09-03,20213/01/01
41,PID1017,Patient_41,41,Female,2024-10-27,2018-12-09,2023-02-17,2019-02-11,2023-04-13,44866
42,PID1018,Patient_42,68,Female,2024-05-03,,2023-10-18,2019-02-11,,44866
43,PID1019,Patient_43,78,Female,2023-12-13,2017-11-26,2024-10-18,2018-10-04,2023-10-31,03/04/2023
44,PID1002,Patient_44,80,Female,2023-01-26,2018-11-11,2024-12-19,2018-09-22,,20230806
45,PID1020,Patient_45,61,Male,2024-04-04,2017-09-25,2023-08-19,2018-09-22,,45488
46,PID1021,Patient_46,79,Male,2023-01-07,2017-11-26,2024-02-20,2018-09-22,2024-01-05,Late March 2023
47,PID1022,Patient_47,34,Female,2024-12-15,,2023-12-20,2017-05-02,2023-11-06,18/08/2023
48,PID1023,Patient_48,81,Female,2023-12-15,2018-12-10,2023-05-11,2017-05-02,,18/08/2023
49,PID1024,Patient_49,81,Female,2023-09-06,2018-12-09,2023-05-31,2017-05-02,2024-12-26,2022/11/01
50,PID1025,Patient_50,66,Female,2023-11-12,2019-07-16,2023-06-01,2019-12-11,,44736
51,PID1026,Patient_51,81,Male,2023-04-05,2016-08-27,2023-09-18,2019-11-11,2023-10-08,44866
52,PID1027,Patient_52,70,Female,2023-12-13,2018-01-16,2023-10-11,2019-06-20,2023-02-25,44867
53,PID1028,Patient_53,74,Male,2023-10-04,2025-12-04,2023-12-06,2018-11-09,2023-10-27,04 31/ 2022
54,PID1029,Patient_54,83,Female,2023-12-19,,2023-01-01,2018-02-09,2024-10-15,03/04/2023
55,PID1003,Patient_55,40,Male,2023-08-09,,2023-04-29,2018-02-09,2024-06-27,2023/02/30
56,PID1030,Patient_56,22,Male,2023-02-14,2024-11-16,2023-05-14,2018-02-09,,07/28/2024
57,PID1031,Patient_57,70,Female,2023-12-13,,2023-07-02,2018-04-12,2023-04-16,01/02/03
58,PID1032,Patient_58,26,Female,2024-03-07,,2023-12-25,2017-11-17,2024-08-10,01/02/03
59,PID1033,Patient_59,40,Female,2024-01-23,2023-05-16,2023-05-05,2017-11-17,2024-04-25,Early June 2023
60,PID1034,Patient_60,58,Female,2024-07-19,,2023-05-17,2017-11-17,,2022/01/01 (estimated)
61,PID1035,Patient_61,37,Male,2024-05-10,2024-04-29,2023-06-15,2019-11-28,2024-03-27,44736
62,PID1036,Patient_62,23,Female,2024-08-14,2023-07-14,2023-07-24,2019-11-28,,45019
63,PID1037,Patient_63,79,Male,2024-12-22,2023-04-10,2024-01-27,2019-11-28,2023-07-08,01/02/03
64,PID1038,Patient_64,33,Male,2023-02-16,2023-12-29,2024-04-20,2017-10-20,,Late March 2023
65,PID1039,Patient_65,28,Male,2023-12-13,,2024-08-05,2019-12-30,2023-09-16,04 31/ 2022
66,PID1004,Patient_66,43,Female,2023-05-23,2023-07-25,2024-11-19,2018-10-11,2024-11-03,2023/02/30
67,PID1040,Patient_67,72,Male,2023-10-24,2024-04-23,2024-12-14,2018-10-11,,
68,PID1041,Patient_68,21,Female,2023-12-13,2024-11-20,2024-04-21,2016-08-27,2023-03-08,04 31/ 2022
69,PID1042,Patient_69,79,Male,2023-08-27,2023-03-04,2024-06-07,2016-08-27,2024-05-18,20213/01/01
70,PID1043,Patient_70,63,Male,2024-01-25,2017-10-18,2023-10-21,2016-08-27,,2020/13/01
71,PID1044,Patient_71,27,Male,2024-09-04,2023-12-14,2024-03-22,2016-08-27,,2022/11/01
72,PID1045,Patient_72,66,Female,2023-06-16,,2023-08-22,2017-06-03,,44736
73,PID1046,Patient_73,54,Female,2023-12-30,2023-07-16,2023-06-23,2017-10-04,2024-10-06,20213/01/01
74,PID1047,Patient_74,55,Female,2024-11-17,2024-07-03,2024-07-24,2018-06-15,2023-06-05,2020/13/01
75,PID1048,Patient_75,69,Female,2024-12-19,2023-05-24,2023-01-25,2018-06-15,2024-07-30,20240424
76,PID1049,Patient_76,23,Male,2024-09-15,2023-07-07,2024-07-26,2018-06-15,2023-03-29,
77,PID1005,Patient_77,22,Male,2024-11-23,2024-02-13,2024-04-26,2018-06-15,,20213/01/01
78,PID1050,Patient_78,21,Male,2024-06-30,2024-04-18,2024-03-28,2018-06-15,2023-02-05,12/09/2024
79,PID1051,Patient_79,25,Female,2023-06-17,2023-03-19,2023-12-29,2016-12-28,2024-02-03,2022/01/01 (estimated)
80,PID1052,Patient_80,73,Male,2023-12-13,2024-07-17,2024-03-29,2016-09-25,,2020/13/01
81,PID1053,Patient_81,23,Male,,2023-02-21,2023-06-30,2019-12-11,2024-01-25,Unknown
82,PID1054,Patient_82,73,Male,2023-04-10,2017-10-18,2024-09-30,2019-12-11,2024-03-29,20230809
83,PID1055,Patient_83,82,Female,2023-08-13,2016-06-14,2024-04-11,2018-10-11,,45356
84,PID1056,Patient_84,37,Female,2023-12-13,2023-01-16,2023-04-29,2018-10-11,2024-08-25,16/12/2023
85,PID1057,Patient_85,63,Male,2023-12-13,2023-08-31,2023-12-01,2019-05-02,2023-11-09,
86,PID1058,Patient_86,53,Female,2023-02-27,2024-02-21,2023-12-07,2019-05-02,2024-09-16,2022/11/01
87,PID1059,Patient_87,81,Female,2023-12-13,2024-07-05,2024-12-14,2019-05-02,2023-01-08,20213/01/01
88,PID1006,Patient_88,41,Male,2023-01-20,2018-11-11,2024-12-26,2018-10-19,2023-12-27,2020/13/01
89,PID1060,Patient_89,33,Female,2023-02-02,2024-02-15,2024-01-08,2018-10-19,2023-09-28,03/04/2023
90,PID1061,Patient_90,67,Female,2024-02-15,2023-06-18,2023-07-01,2018-10-19,,01/02/03
91,PID1062,Patient_91,34,Female,2023-12-13,2016-06-14,2023-07-16,2018-10-19,2023-09-03,Unknown
92,PID1063,Patient_92,81,Male,2023-12-13,2023-01-03,2024-07-18,2018-10-19,2024-07-19,
93,PID1064,Patient_93,59,Female,2023-09-03,2023-09-29,2024-05-21,2018-10-19,2023-06-10,44362
94,PID1065,Patient_94,72,Male,2024-03-08,2023-10-20,2016-09-06,2018-10-19,2024-02-23,
95,PID1066,Patient_95,43,Male,2023-08-06,2024-12-14,2016-09-07,2018-07-09,2024-12-06,01/02/03
96,PID1067,Patient_96,45,Female,2024-02-10,2024-11-08,2016-09-08,2019-09-23,2023-10-26,
97,PID1068,Patient_97,79,Male,2023-05-27,2016-06-14,2016-09-09,2019-09-23,,Late March 2023
98,PID1069,Patient_98,60,Male,2023-12-13,2023-08-06,2016-09-10,2019-09-23,,Unknown
99,PID1007,Patient_99,72,Male,2023-03-21,2018-06-16,2016-09-11,2019-12-27,,04 31/ 2022
100,PID1070,Patient_100,48,Male,2023-12-13,2023-10-31,2016-09-12,2017-12-09,2023-08-26,08/11/2024
101,PID1071,Patient_101,34,Female,2023-05-23,2023-01-03,2017-09-01,2016-10-28,2024-12-24,05/12/2024
102,PID1072,Patient_102,64,Female,2024-07-28,2016-06-14,2023-11-13,2018-09-12,,01/02/03
103,PID1073,Patient_103,84,Male,2023-12-13,2023-04-03,2024-10-11,,,29/02/2024
104,PID1074,Patient_104,28,Female,2023-12-13,2023-02-28,2024-09-02,2024-09-06,2024-12-20,04 31/ 2022
105,PID1075,Patient_105,20,Female,2023-09-27,2024-08-21,2016-09-06,,2023-03-14,45451
106,PID1076,Patient_106,27,Female,2024-08-20,2024-05-29,2016-09-07,2023-04-04,,
107,PID1077,Patient_107,82,Female,2024-06-01,2023-06-11,2016-09-08,,2023-09-28,2022/11/01
108,PID1078,Patient_108,30,Male,2023-05-22,2016-06-14,2016-09-09,2023-12-24,2024-11-03,04/24/2023
109,PID1079,Patient_109,27,Male,2024-05-20,2024-04-06,2016-09-10,,,20213/01/01
110,PID1008,Patient_110,21,Male,2023-03-31,2017-11-22,2016-09-11,2024-10-20,2023-10-05,Late March 2023
111,PID1080,Patient_111,54,Female,2023-02-18,2023-10-07,2016-09-12,2023-02-24,,Late March 2023
112,PID1081,Patient_112,54,Female,2023-08-22,2016-06-14,2017-09-01,2024-05-29,2023-08-19,03/04/2023
113,PID1082,Patient_113,52,Male,2023-12-14,2016-06-14,2017-09-02,,2023-09-30,23/06/2024
114,PID1083,Patient_114,24,Male,2024-02-13,2024-01-09,2017-09-03,,2023-03-15,Late March 2023
115,PID1084,Patient_115,60,Female,2023-04-08,2024-11-22,2017-07-04,2023-03-25,,20213/01/01
116,PID1085,Patient_116,47,Male,,2024-02-18,2017-09-05,,2023-11-11,
117,PID1086,Patient_117,26,Female,,2024-06-08,2017-09-06,,2024-03-25,2023/02/30
118,PID1087,Patient_118,31,Female,2024-08-03,2024-08-15,2017-07-07,,,45540
119,PID1088,Patient_119,53,Male,2023-12-13,2024-09-26,2017-09-08,,2024-04-24,
120,PID1089,Patient_120,52,Male,2024-01-30,2019-04-20,2017-08-09,,2024-12-17,44958
121,PID1009,Patient_121,49,Female,2023-05-18,2017-11-22,2017-09-10,,2023-09-15,45235
122,PID1090,Patient_122,67,Female,2024-09-02,2024-05-03,2018-09-12,,,45067
123,PID1091,Patient_123,42,Female,2023-12-13,2023-11-20,2018-10-12,,2023-06-10,04 31/ 2022
124,PID1092,Patient_124,81,Male,2024-06-25,2023-07-29,2018-11-12,,,20213/01/01
125,PID1093,Patient_125,56,Female,2024-07-20,2023-09-02,2018-12-12,,,2020/13/01
126,PID1094,Patient_126,63,Male,2024-11-27,,2018-12-13,,,
127,PID1095,Patient_127,54,Female,2023-12-13,2018-10-12,2018-12-14,,2024-05-20,45019
128,PID1096,Patient_128,84,Male,,2017-11-26,2018-12-15,2024-12-13,2023-03-24,16/03/2024
129,PID1097,Patient_129,66,Male,2024-07-03,2017-11-26,2018-12-16,,2024-03-18,
130,PID1098,Patient_130,22,Male,2024-10-18,2016-11-18,2018-12-17,2024-04-04,,46184
131,PID1099,Patient_131,20,Female,2023-04-25,2023-05-15,2018-12-17,2003-01-02,,45472
