Patient_ID,Name,Age,Gender,Date_of_Admission,Date_of_Diagnosis,Date_of_Treatment_Start,Date_of_Surgery,Date_of_Discharge,Follow_up_Visit
PID1000,Patient_0,71,Male,12/13-2023,"Sep 13, 2024",42535,13/3/2018,10.11.2023,20213-01-01
PID1001,Patient_1,34,Male,16-10-2024,05 August 2023,43008,25/10/2016,29 April 2024,01/06/2024
PID1010,Patient_2,57,Female,"April 31, 2022","Friday, November 11, 2016",43120,25/6/2018,04/May/2023,01/02/03
PID1100,Patient_3,24,Female,03/21/2024,13.04.2024,43120,25/6/2018,2024/09/10,04/12/2023
PID1101,Patient_4,33,Male,2024-04-09,2023-03-16,43120,22/4/2017,04/Apr/2023,04/12/2023
PID1102,Patient_5,46,Female,27 September 2023,15/5/2016,45292,22/4/2017,"Jul 05, 2023",2022-01-01 (estimated)
PID1103,Patient_6,28,Male,01/02/03,1/9/2016,45734,22/4/2017,04/Apr/2023,2022-01-01 (estimated)
PID1104,Patient_7,34,Male,03/04/2023,1/9/2016,45756.45472,22/4/2017,2024-11-21,44736
PID1105,Patient_8,61,Female,2023-02-30,1/9/2016,01-05-2024,17/12/2018,2024/11/19,45367
PID1106,Patient_9,70,Female,2023-02-30,14-04-2024,01/26/2023,17/12/2018,N/A,22/08/2023
PID1107,Patient_10,82,Male,N/A,13/12/2018,02 January 2023,18/6/2018,02/11/2023,12/14/2023
PID1108,Patient_11,71,Female,03-06-2024,13/12/2018,02/21/2024,18/6/2018,26 April 2024,13/02/2024
PID1109,Patient_12,23,Female,12/13-2023,17 March 2023,04 November 2023,18/6/2018,20241029,04/08/2023
PID1011,Patient_13,21,Male,1/11/2022,"Friday, May 13, 2016",04.01.2023,18/6/2018,20-11-2023,2020-13-01
PID1110,Patient_14,42,Male,2024/10/02,07 August 2023,04/01/2024,18/6/2018,"Dec 23, 2023",11/17/2023
PID1111,Patient_15,34,Male,12/13-2023,N/A,04/Aug/2023,18/6/2018,08.12.2023,Late March 2023
PID1112,Patient_16,62,Female,16 October 2024,16.05.2023,04/Dec/2024,18/6/2018,"Jul 05, 2023","April 31, 2022"
PID1113,Patient_17,48,Male,15/Sep/2024,18/7/2019,06/Apr/2023,30/11/2017,20241012,2022-11-01abc
PID1114,Patient_18,55,Male,06.06.2023,12/Mar/2023,06/Oct/2024,30/11/2017,20230404,20213-01-01
PID1115,Patient_19,32,Female,12/13-2023,30/9/2017,07/21/2024,30/11/2017,"Nov 09, 2024",03/04/2023
PID1116,Patient_20,51,Male,15 June 2023,2024/01/14,08/31/2023,30/11/2017,"Dec 23, 2023",03/04/2023
PID1117,Patient_21,78,Male,2024-06-27,20230611,09-02-2023,5/5/2017,08.12.2023,11/09/2023
PID1118,Patient_22,47,Female,05.09.2024,2024/07/10,09/08/202,10/12/2016,17-11-2024,Unknown
PID1119,Patient_23,85,Female,2024-05-15,18 September 2024,10-11-2024,10/12/2016,14.06.2023,Unknown
PID1012,Patient_24,83,Male,2024-01-10 00:00:00,"Thursday, November 8, 2018",10.02.2023,6/6/2018,07/02/2024,04/09/2023
PID1120,Patient_25,61,Male,25.04.2023,09 January 2023,10.10.2024,23/9/2018,20240226,2022-11-01abc
PID1121,Patient_26,64,Male,11/Nov/2023,N/A,10/01/2023,17/9/2019,N/A,46184
PID1122,Patient_27,81,Female,12/13-2023,10-11-2024,11/24/2024,2/5/2017,5-Nov-24,44736
PID1123,Patient_28,76,Female,01/Mar/2023,2023/05/18,11/Mar/2024,2/5/2017,"Nov 09, 2024",N/A
PID1124,Patient_29,25,Female,03-08-2024,29-04-2023,12 March 2024,2/5/2017,2024-07-17,03/04/2023
PID1125,Patient_30,47,Female,20230329,07/20/2024,12.11.2023,11/12/2019,10-04-2024,44736
PID1126,Patient_31,47,Male,12/13-2023,2023/10/06,13-10-2023,11/12/2019,2023/11/19,44736
PID1127,Patient_32,63,Female,N/A,N/A,13-11-2024,11/12/2019,N/A,2020-13-01
PID1128,Patient_33,49,Female,06/29/2024,04.08.2023,13.02.2024,1/12/2016,"Apr 29, 2023",Late March 2023
PID1129,Patient_34,81,Male,20230512,2023/07/28,13.03.2023,15/6/2018,2024-06-10,Early Feb. 2022
PID1013,Patient_35,79,Female,31-01-2023,"Saturday, August 27, 2016",13.10.2023,15/6/2018,16/Jul/2023,12/29/2023
PID1130,Patient_36,81,Female,07/16/2024,20240601,13/Aug/2024,16/10/2016,04 November 2024,Late March 2023
PID1131,Patient_37,20,Male,29 September 2023,2023-09-15,14 February 2024,16/10/2016,"Apr 18, 2024",02/22/2023
PID1014,Patient_38,40,Male,12/Aug/2023,12th of Dec. 2019,14 November 2024,8/9/2017,2024/05/10,20213-01-01
PID1015,Patient_39,52,Male,2024-06-01,18-Aug-21,16.03.2024,16/11/2019,26 August 2024,01/02/03
PID1016,Patient_40,77,Male,28/Jul/2024,44700,16/Nov/2024,30/5/2019,2024/09/03,20213-01-01
PID1017,Patient_41,41,Female,27 October 2024,"Sunday, December 9, 2018",17/Feb/2023,2/11/2019,13/Apr/2023,44866
PID1018,Patient_42,68,Female,05/Mar/2024,2026-14-08,18 October 2023,2/11/2019,,44866
PID1019,Patient_43,78,Female,12/13-2023,2017-11-26,18 October 2024,10/4/2018,31/Oct/2023,03/04/2023
PID1002,Patient_44,80,Female,2023/01/26,11/11/2018,19-12-2024,22/9/2018,,20230806
PID1020,Patient_45,61,Male,2024/04/04,"Monday, September 25, 2017",19/Aug/2023,22/9/2018,,45488
PID1021,Patient_46,79,Male,01/07/2023,2017-11-26,20 February 2024,22/9/2018,01/05/2024,Late March 2023
PID1022,Patient_47,34,Female,"Dec 15, 2024",45288,20.12.2023,5/2/2017,2023-11-06,18-Aug-2023
PID1023,Patient_48,81,Female,2023/12/15,2018-12-10,2023-05-11,5/2/2017,,18-Aug-2023
PID1024,Patient_49,81,Female,09/Jun/2023,"Sunday, December 9, 2018",2023-05-31,5/2/2017,26 December 2024,2022-11-01abc
PID1025,Patient_50,66,Female,11-12-2023,"Tuesday, July 16, 2019",2023-06-01,12/11/2019,N/A,44736
PID1026,Patient_51,81,Male,"Apr 05, 2023","Saturday, August 27, 2016",2023-09-18,11/11/2019,2023-10-08,44866
PID1027,Patient_52,70,Female,12/13-2023,"Tuesday, January 16, 2018",2023-10-11,20/6/2019,25 February 2023,44867
PID1028,Patient_53,74,Male,10.04.2023,12/4/2025,2023-12-06,11/9/2018,10/27/2023,"April 31, 2022"
PID1029,Patient_54,83,Female,2023/12/19,43229,2023/01/01,2/9/2018,20241015,03/04/2023
PID1003,Patient_55,40,Male,08/Sep/2023,N/A,2023/04/29,2/9/2018,27.06.2024,2023-02-30
PID1030,Patient_56,22,Male,20230214,20241116,2023/05/14,2/9/2018,,07/28/2024
PID1031,Patient_57,70,Female,12/13-2023,N/A,2023/07/02,4/12/2018,2023-04-16,01/02/03
PID1032,Patient_58,26,Female,03-07-2024,N/A,2023/12/25,17/11/2017,2024/08/10,01/02/03
PID1033,Patient_59,40,Female,23-01-2024,20230516,20230505,17/11/2017,20240425,Early June 2023
PID1034,Patient_60,58,Female,2024/07/19,N/A,20230517,17/11/2017,,2022-01-01 (estimated)
PID1035,Patient_61,37,Male,05.10.2024,"Apr 29, 2024",20230615,28/11/2019,27.03.2024,44736
PID1036,Patient_62,23,Female,14/Aug/2024,14-07-2023,20230724,28/11/2019,,45019
PID1037,Patient_63,79,Male,22-12-2024,"Apr 10, 2023",2024-01-27,28/11/2019,2023-07-08,01/02/03
PID1038,Patient_64,33,Male,16/Feb/2023,"Dec 29, 2023",2024-04-20,20/10/2017,,Late March 2023
PID1039,Patient_65,28,Male,12/13-2023,N/A,2024/08/05,30/12/2019,20230916,"April 31, 2022"
PID1004,Patient_66,43,Female,23-05-2023,2023/07/25,2024/11/19,10/11/2018,11 March 2024,2023-02-30
PID1040,Patient_67,72,Male,24-10-2023,2024-04-23,2024/12/14,10/11/2018,N/A,None
PID1041,Patient_68,21,Female,12/13-2023,20-11-2024,20240421,27/8/2016,"Mar 08, 2023","April 31, 2022"
PID1042,Patient_69,79,Male,27-08-2023,"Mar 04, 2023",20240607,27/8/2016,18-05-2024,20213-01-01
PID1043,Patient_70,63,Male,2024/01/25,18/10/2017,21/Oct/2023,27/8/2016,,2020-13-01
PID1044,Patient_71,27,Male,09.04.2024,14-12-2023,22 March 2024,27/8/2016,N/A,2022-11-01abc
PID1045,Patient_72,66,Female,16.06.2023,N/A,22/Aug/2023,6/3/2017,,44736
PID1046,Patient_73,54,Female,30/Dec/2023,16/Jul/2023,23-06-2023,10/4/2017,2024-10-06,20213-01-01
PID1047,Patient_74,55,Female,2024/11/17,20240703,24/Jul/2024,15/6/2018,06/05/2023,2020-13-01
PID1048,Patient_75,69,Female,19-12-2024,"May 24, 2023",25/Jan/2023,15/6/2018,2024/07/30,20240424
PID1049,Patient_76,23,Male,09/15/2024,2023/07/07,26.07.2024,15/6/2018,29/Mar/2023,
PID1005,Patient_77,22,Male,23 November 2024,13.02.2024,26/Apr/2024,15/6/2018,N/A,20213-01-01
PID1050,Patient_78,21,Male,30/Jun/2024,18/Apr/2024,28/Mar/2024,15/6/2018,02 May 2023,12/09/2024
PID1051,Patient_79,25,Female,20230617,20230319,29 December 2023,28/12/2016,02/Mar/2024,2022-01-01 (estimated)
PID1052,Patient_80,73,Male,12/13-2023,17-07-2024,29 March 2024,25/9/2016,N/A,2020-13-01
PID1053,Patient_81,23,Male,N/A,21 February 2023,30 June 2023,12/11/2019,20240125,Unknown
PID1054,Patient_82,73,Male,04 October 2023,18/10/2017,30.09.2024,12/11/2019,2024/03/29,20230809
PID1055,Patient_83,82,Female,13.08.2023,14/6/2016,"Apr 11, 2024",10/11/2018,,45356
PID1056,Patient_84,37,Female,12/13-2023,16-01-2023,"Apr 29, 2023",10/11/2018,"Aug 25, 2024",16/12/2023
PID1057,Patient_85,63,Male,12/13-2023,08/31/2023,"Dec 01, 2023",5/2/2019,2023-11-09,None
PID1058,Patient_86,53,Female,27/Feb/2023,20240221,"Dec 07, 2023",5/2/2019,16-09-2024,2022-11-01abc
PID1059,Patient_87,81,Female,12/13-2023,07/May/2024,"Dec 14, 2024",5/2/2019,01/Aug/2023,20213-01-01
PID1006,Patient_88,41,Male,01/20/2023,11/11/2018,"Dec 26, 2024",19/10/2018,20231227,2020-13-01
PID1060,Patient_89,33,Female,02.02.2023,2024-02-15,"Jan 08, 2024",19/10/2018,28-09-2023,03/04/2023
PID1061,Patient_90,67,Female,2024/02/15,"Jun 18, 2023","Jul 01, 2023",19/10/2018,N/A,01/02/03
PID1062,Patient_91,34,Female,12/13-2023,14/6/2016,"Jul 16, 2023",19/10/2018,09/03/2023,Unknown
PID1063,Patient_92,81,Male,12/13-2023,"Jan 03, 2023","Jul 18, 2024",19/10/2018,19-07-2024,N/A
PID1064,Patient_93,59,Female,09/Mar/2023,20230929,"May 21, 2024",19/10/2018,2023-06-10,44362
PID1065,Patient_94,72,Male,03.08.2024,"Oct 20, 2023",9/6/2016,19/10/2018,20240223,None
PID1066,Patient_95,43,Male,20230806,14 December 2024,9/7/2016,7/9/2018,20241206,01/02/03
PID1067,Patient_96,45,Female,20240210,20241108,9/8/2016,23/9/2019,2023-10-26,N/A
PID1068,Patient_97,79,Male,2023/05/27,14/6/2016,9/9/2016,23/9/2019,,Late March 2023
PID1069,Patient_98,60,Male,12/13-2023,08/Jun/2023,9/10/2016,23/9/2019,,Unknown
PID1007,Patient_99,72,Male,21/03/2023,16/6/2018,9/11/2016,27/12/2019,,"April 31, 2022"
PID1070,Patient_100,48,Male,12/13-2023,31/Oct/2023,9/12/2016,12/9/2017,2023/08/26,08/11/2024
PID1071,Patient_101,34,Female,23/May/2023,01 March 2023,9/1/2017,28/10/2016,2024/12/24,05/12/2024
PID1072,Patient_102,64,Female,28 July 2024,14/6/2016,"Nov 13, 2023",9/12/2018,,01/02/03
PID1073,Patient_103,84,Male,12/13-2023,04.03.2023,"Oct 11, 2024",,,29/02/2024
PID1074,Patient_104,28,Female,12/13-2023,2023-02-28,"Sep 02, 2024",09/06/2024,20241220,"April 31, 2022"
PID1075,Patient_105,20,Female,"Sep 27, 2023",20240821,9/6/2016,?,14/Mar/2023,45451
PID1076,Patient_106,27,Female,"Aug 20, 2024",29 May 2024,9/7/2016,04/04/2023,,
PID1077,Patient_107,82,Female,06/Jan/2024,2023-06-11,9/8/2016,2023-02-30,28/Sep/2023,2022-11-01abc
PID1078,Patient_108,30,Male,22 May 2023,14/6/2016,9/9/2016,24/12/2023,11-03-2024,04/24/2023
PID1079,Patient_109,27,Male,20-05-2024,04-06-2024,9/10/2016,,N/A,20213-01-01
PID1008,Patient_110,21,Male,"Mar 31, 2023","Wednesday, November 22, 2017",9/11/2016,2024-10-20 00:00:00,2023/10/05,Late March 2023
PID1080,Patient_111,54,Female,18-02-2023,10-07-2023,9/12/2016,02/24/2023,,Late March 2023
PID1081,Patient_112,54,Female,22/08/2023,14/6/2016,9/1/2017,2024-05-29 00:00:00,08/19/2023,03/04/2023
PID1082,Patient_113,52,Male,12/14/2023,14/6/2016,9/2/2017,2022-11-01abc,09/30/2023,23-Jun-2024
PID1083,Patient_114,24,Male,13/02/2024,01-09-2024,9/3/2017,2023-02-30,2023-03-15,Late March 2023
PID1084,Patient_115,60,Female,04/08/2023,22/Nov/2024,7/4/2017,2023-03-25 00:00:00,N/A,20213-01-01
PID1085,Patient_116,47,Male,2020-13-01,18-02-2024,9/5/2017,2022-11-01abc,2023/11/11,N/A
PID1086,Patient_117,26,Female,N/A,06/Aug/2024,9/6/2017,2023-02-30,25-03-2024,2023-02-30
PID1087,Patient_118,31,Female,08-03-2024,2024-08-15,7/7/2017,,,45540
PID1088,Patient_119,53,Male,12/13-2023,26-09-2024,9/8/2017,2020-13-01,2024/04/24,N/A
PID1089,Patient_120,52,Male,"Jan 30, 2024",20/4/2019,8/9/2017,--,"Dec 17, 2024",44958
PID1009,Patient_121,49,Female,05/18/2023,"Wednesday, November 22, 2017",9/10/2017,2020-13-01,15/Sep/2023,45235
PID1090,Patient_122,67,Female,20240902,05 March 2024,9/12/2018,2022-01-01 (estimated),,45067
PID1091,Patient_123,42,Female,12/13-2023,2023/11/20,10/12/2018,2020-13-01,06 October 2023,"April 31, 2022"
PID1092,Patient_124,81,Male,2024/06/25,29.07.2023,11/12/2018,?,,20213-01-01
PID1093,Patient_125,56,Female,2024-07-20,2023/09/02,12/12/2018,?,N/A,2020-13-01
PID1094,Patient_126,63,Male,27-11-2024,N/A,13/12/2018,N/A,,
PID1095,Patient_127,54,Female,12/13-2023,10/12/2018,14/12/2018,20213-01-01,20240520,45019
PID1096,Patient_128,84,Male,N/A,26/11/2017,15/12/2018,13-Dec-2024,2023-03-24,16-Mar-2024
PID1097,Patient_129,66,Male,2024/07/03,26/11/2017,16/12/2018,?,18.03.2024,None
PID1098,Patient_130,22,Male,18.10.2024,18/11/2016,17/12/2018,04-Apr-2024,,46184
PID1099,Patient_131,20,Female,2023/04/25,2023/05/15,17/12/2018,01/02/03,,45472